codon	tAI
AAA	0.431
AAC	0.616
AAG	1
AAT	0.27
ACA	0.246
ACC	0.488
ACG	0.14
ACT	0.677
AGA	0.677
AGC	0.123
AGG	0.278
AGT	0.054
ATA	0.123
ATC	0.576
ATG	0.616
ATT	0.8
CAA	0.554
CAC	0.431
CAG	0.239
CAT	0.189
CCA	0.616
CCC	0.089
CCG	0.197
CCT	0.123
CGA	0
CGC	0.266
CGG	0.062
CGT	0.369
CTA	0.185
CTC	0.062
CTG	0.059
CTT	0.027
GAA	0.862
GAC	0.985
GAG	0.399
GAT	0.433
GCA	0.308
GCC	0.488
GCG	0.099
GCT	0.677
GGA	0.185
GGC	0.985
GGG	0.182
GGT	0.433
GTA	0.123
GTC	0.621
GTG	0.163
GTT	0.862
TAC	0.493
TAT	0.216
TCA	0.185
TCC	0.488
TCG	0.121
TCT	0.677
TGC	0.246
TGG	0.369
TGT	0.108
TTA	0.431
TTC	0.616
TTG	0.754
TTT	0.27
