codon,dwell_time_WT,dwell_time_KO,dwell_time_OE,tAI,dwell_time_WT_rank,log2_ratio_DT_OE_VS_WT,log2_ratio_DT_KO_VS_WT,log2_ratio_DT_OE_VS_KO
CAT,0.6049,0.6394500000000001,0.78745,0.18899999999999997,1.0,0.3804916602195029,0.08013489533577775,0.3003567648837252
CAA,0.6377999999999999,0.6954,0.7203999999999999,0.5539999999999999,2.0,0.17569408365401518,0.12473896947536744,0.05095511417864801
ACC,0.6841999999999999,0.7113499999999999,0.745,0.488,3.0,0.12282232146898657,0.056141468428444766,0.06668085304054182
AAC,0.69395,0.8232999999999999,0.81165,0.616,4.0,0.22602602354732662,0.24658650759346165,-0.020560484046135055
TTA,0.696,0.7564500000000001,0.90105,0.431,5.0,0.3725198585115356,0.12015741994238938,0.2523624385691462
ATC,0.69625,0.86185,0.7902,0.5760000000000001,6.0,0.18261242386291396,0.30783137599512117,-0.125218952132207
AAT,0.73255,0.7894,0.8622000000000001,0.27,7.0,0.23509532886517934,0.10782928557979016,0.12726604328538949
ACT,0.7514000000000001,0.68385,0.772,0.677,8.0,0.03901973151367171,-0.13590120605584988,0.1749209375695216
ATT,0.76085,0.8403,0.8344,0.8,9.0,0.13312710043182363,0.14329242670772044,-0.010165326275896856
CAC,0.7964,0.73465,0.8796999999999999,0.431,10.0,0.14351839098331903,-0.1164361323707441,0.2599545233540634
TGT,0.8037,0.7282,0.9961,0.10800000000000001,11.0,0.3096335020205514,-0.14232234111902037,0.45195584313957154
TTT,0.8088500000000001,0.78525,0.904,0.27,12.0,0.16045059077731505,-0.04272014398590831,0.2031707347632231
TTG,0.8305,0.7947,0.93885,0.754,13.0,0.17691450881529677,-0.06356982375896025,0.240484332574257
TCA,0.84195,1.0026000000000002,0.9682,0.185,14.0,0.20157053417775925,0.251939674099248,-0.05036913992148874
GTT,0.845,0.84275,0.7919499999999999,0.862,15.0,-0.0935419931974133,-0.0038466191853364653,-0.08969537401207692
TCT,0.84505,0.7896,0.8264,0.677,16.0,-0.032196451236777605,-0.09791471564543963,0.06571826440866199
AAG,0.8788,0.9322999999999999,0.8102,1.0,17.0,-0.1172567847368398,0.08525939720977031,-0.20251618194660997
GTC,0.8977999999999999,0.9422,0.8230999999999999,0.621,18.0,-0.1253263791667702,0.06963923575237652,-0.19496561491914674
AAA,0.90325,0.9693499999999999,0.91405,0.431,19.0,0.017147735515194502,0.10189231917586762,-0.08474458366067338
AGT,0.91205,0.9266,1.0782500000000002,0.054000000000000006,20.0,0.24150689361500172,0.022833765026409894,0.21867312858859156
ATG,0.9154,0.9121,0.898,0.616,21.0,-0.02768684697215232,-0.005210285974923098,-0.022476560997229274
TCC,0.9333,0.8987499999999999,0.9117999999999999,0.488,22.0,-0.03362348639077305,-0.05442103004151565,0.02079754365074244
TAT,0.9361999999999999,1.16365,0.9458500000000001,0.21600000000000003,23.0,0.01479464323495924,0.31376852279628514,-0.2989738795613258
AGC,0.94055,1.0416500000000002,1.1207500000000001,0.12300000000000001,24.0,0.2528879542652342,0.1472940606248803,0.10559389364035376
GAT,0.9494,0.8613999999999999,0.8976999999999999,0.433,25.0,-0.08078265471604612,-0.14033272618757373,0.059550071471527515
GCC,0.9574,0.94085,0.79775,0.488,26.0,-0.26318510255309213,-0.025157074077209157,-0.238028028475883
ACA,0.97125,0.972,1.0813000000000001,0.24600000000000002,27.0,0.1548522467954434,0.0011136203107086145,0.15373862648473482
TTC,0.9802,0.9241999999999999,0.83175,0.616,28.0,-0.23692618563952786,-0.08487105724322222,-0.15205512839630575
CTT,0.987,0.95465,1.22885,0.027000000000000003,29.0,0.31618683359459904,-0.04807818484825531,0.3642650184428544
CGT,0.9954999999999999,0.98765,0.97435,0.369,30.0,-0.030981214518913124,-0.011421440860288875,-0.01955977365862425
GCT,0.9957,0.89185,0.7656499999999999,0.677,31.0,-0.3790260834944004,-0.15891004606084572,-0.2201160374335547
GAC,1.0021499999999999,0.9781,0.94995,0.985,32.0,-0.07717497944063369,-0.035044587101293115,-0.04213039233934055
ATA,1.018,1.3284,1.1115499999999998,0.12300000000000001,33.0,0.1268352840539748,0.3839520665396509,-0.2571167824856762
GTA,1.02345,1.0167,1.04205,0.12300000000000001,34.0,0.025983881032175166,-0.009546579476932254,0.035530460509107374
AGA,1.0707499999999999,1.17515,1.03715,0.677,35.0,-0.04599711518348805,0.1342232416415505,-0.18022035682503865
CTA,1.0729,0.9891,1.12695,0.185,36.0,0.07090789260785028,-0.11732732264915012,0.18823521525700038
CAG,1.0816,1.1568,1.08165,0.239,37.0,6.669109169764933e-05,0.09697240066893359,-0.09690570957723597
GGT,1.083,1.0404,0.9676,0.433,38.0,-0.16255056851576458,-0.05789493855269824,-0.1046556299630662
GAA,1.13045,1.1045,0.9268,0.862,39.0,-0.28656723353277175,-0.033503764154956234,-0.2530634693778155
TGC,1.1342,0.9893500000000001,1.3503500000000002,0.24600000000000002,40.0,0.2516583294315903,-0.1971221662203127,0.44878049565190287
ACG,1.20275,1.0926,1.1745,0.14,41.0,-0.0342900860700247,-0.13857147127158967,0.10428138520156498
CTC,1.2031999999999998,1.2601,1.4898,0.062,42.0,0.30824219522036,0.06666175666002899,0.2415804385603309
TAC,1.2336,1.4118,1.0140500000000001,0.493,43.0,-0.28274588096946673,0.19466105603041933,-0.477406936999886
GCA,1.2395,1.2935500000000002,1.0249,0.308,44.0,-0.27427511929594667,0.061577548626548226,-0.3358526679224949
GAG,1.24125,1.2115,1.01885,0.39899999999999997,45.0,-0.28485205112272866,-0.034999312964389684,-0.24985273815833894
GTG,1.2891,1.06405,1.09585,0.163,46.0,-0.2343138472988206,-0.2767982378798491,0.042484390581028667
TCG,1.32395,1.2499500000000001,1.2546,0.121,47.0,-0.0776211709139506,-0.08297825274369648,0.005357081829746001
GCG,1.35795,1.2827000000000002,1.11795,0.099,48.0,-0.28057469473747276,-0.08224657025611827,-0.19832812448135434
CCT,1.3718,1.3843999999999999,1.04535,0.12300000000000001,49.0,-0.3920841000796364,0.013190685834691162,-0.4052747859143274
CCA,1.3775499999999998,1.44305,1.0109,0.616,50.0,-0.44646439389535125,0.06701660412398598,-0.5134809980193372
GGC,1.4049,1.38615,1.1505,0.985,51.0,-0.2882064603087692,-0.019384059017007987,-0.2688224012917611
AGG,1.407,1.5907,1.3698000000000001,0.278,52.0,-0.0386570631780372,0.17703944592372617,-0.21569650910176333
TGG,1.4132500000000001,1.2542,1.3413,0.369,53.0,-0.0753847452789815,-0.17224927229745013,0.0968645270184687
CGC,1.495,1.5646,1.37815,0.266,54.0,-0.11741256265199082,0.06564838565661311,-0.183060948308604
GGG,1.51355,1.6077,1.24605,0.182,55.0,-0.28057437500510324,0.08706188661810295,-0.3676362616232063
CTG,1.5652,1.3424,1.7060499999999998,0.059000000000000004,56.0,0.12431291365831114,-0.22153239446097087,0.3458453081192822
GGA,1.67835,1.5808499999999999,1.42275,0.185,57.0,-0.23836142463298662,-0.08634312098829741,-0.15201830364468932
CGG,1.77275,1.4273,1.61155,0.062,58.0,-0.13754014600397194,-0.312700493671904,0.17516034766793193
CGA,1.8794499999999998,2.35825,2.0739,0.0,59.0,0.14203579636481298,0.3274061325852334,-0.18537033622042043
CCC,1.9581,1.72335,1.22225,0.08900000000000001,60.0,-0.6799150397896896,-0.18423871282089668,-0.495676326968793
CCG,2.6176500000000003,3.6921,1.8550499999999999,0.19699999999999998,61.0,-0.4968141377400187,0.49616941798072817,-0.9929835557207468
